{
  "Sample Request" : {
    "transaction" : "Sample Request",
    "sampleCount" : 200,
    "errorCount" : 0,
    "errorPct" : 0.0,
    "meanResTime" : 331.405,
    "medianResTime" : 316.5,
    "minResTime" : 276.0,
    "maxResTime" : 801.0,
    "pct1ResTime" : 379.30000000000007,
    "pct2ResTime" : 440.9999999999998,
    "pct3ResTime" : 705.7700000000011,
    "throughput" : 10.10152027880196,
    "receivedKBytesPerSec" : 80.0070000378807,
    "sentKBytesPerSec" : 2.831187812515784
  },
  "Request to Get Repository Details" : {
    "transaction" : "Request to Get Repository Details",
    "sampleCount" : 200,
    "errorCount" : 0,
    "errorPct" : 0.0,
    "meanResTime" : 391.40500000000003,
    "medianResTime" : 345.0,
    "minResTime" : 280.0,
    "maxResTime" : 1490.0,
    "pct1ResTime" : 460.8,
    "pct2ResTime" : 621.699999999999,
    "pct3ResTime" : 1483.2000000000007,
    "throughput" : 9.5565749235474,
    "receivedKBytesPerSec" : 75.69017322785264,
    "sentKBytesPerSec" : 2.6784541045489294
  },
  "Request to Update Repository Details" : {
    "transaction" : "Request to Update Repository Details",
    "sampleCount" : 200,
    "errorCount" : 0,
    "errorPct" : 0.0,
    "meanResTime" : 349.8750000000003,
    "medianResTime" : 338.0,
    "minResTime" : 286.0,
    "maxResTime" : 647.0,
    "pct1ResTime" : 391.8,
    "pct2ResTime" : 441.84999999999997,
    "pct3ResTime" : 567.7800000000002,
    "throughput" : 10.10611419909045,
    "receivedKBytesPerSec" : 79.33265103903487,
    "sentKBytesPerSec" : 3.710838807478525
  },
  "[res_key=reportgenerator_summary_total]" : {
    "transaction" : "[res_key=reportgenerator_summary_total]",
    "sampleCount" : 600,
    "errorCount" : 0,
    "errorPct" : 0.0,
    "meanResTime" : 357.56166666666627,
    "medianResTime" : 332.0,
    "minResTime" : 276.0,
    "maxResTime" : 1490.0,
    "pct1ResTime" : 419.69999999999993,
    "pct2ResTime" : 472.94999999999993,
    "pct3ResTime" : 970.2900000000016,
    "throughput" : 27.776491829081987,
    "receivedKBytesPerSec" : 219.34612763876675,
    "sentKBytesPerSec" : 8.58973542891533
  }
}